#{"t_start": 1740660108.039301, "env_id": "None"}
r,l,t
-13659.2675,15,0.023757
-11045.935,15,0.033686
-15465.4775,15,0.043695
-13116.3675,15,0.057688
-15322.5275,15,0.071689
-15960.71,15,0.081743
-8668.1075,15,0.092826
-15540.2125,15,0.106825
-13110.915,15,0.128823
-13153.6,15,0.146217
-14209.2675,15,0.165216
-12206.165,15,0.177406
-12939.8875,15,0.192598
-10515.3575,15,0.207527
-13863.1725,15,0.22365
-12660.125,15,0.241733
-12309.795,15,0.259732
-14335.61,15,0.275992
-12726.545,15,0.295268
-10395.325,15,0.311154
-15322.72,15,0.329154
-16225.2575,15,0.350286
-12663.085,15,0.367286
-9147.1375,15,0.383286
-14363.01,15,0.403285
-14264.09,15,0.420285
-11041.835,15,0.437284
-15617.6325,15,0.456505
-14261.39,15,0.47367
-14030.7075,15,0.491807
-13481.67,15,0.509897
-13233.5,15,0.526896
-11972.3725,15,0.545111
-13644.2325,15,0.570222
-12705.5825,15,0.589349
-11904.5725,15,0.605348
-12283.0475,15,0.622347
-11179.585,15,0.641518
-11184.3525,15,0.659519
-13172.9175,15,0.680525
-13065.205,15,0.69767
-12232.85,15,0.716671
-15017.48,15,0.736675
-13921.71,15,0.750671
-13851.1,15,0.772671
-11264.27,15,0.790906
-14853.9875,15,0.809906
-11335.98,15,0.826152
-12603.76,15,0.846152
-14248.05,15,0.865296
-13998.3675,15,0.885431
-14885.465,15,0.901587
-11879.5775,15,0.917586
-13241.8625,15,0.933586
-11504.61,15,0.949799
-16363.195,15,0.963856
-16514.0125,15,0.98079
-11861.145,15,0.998936
-11528.06,15,1.015147
-11582.6075,15,1.028148
-13743.41,15,1.04335
-13793.955,15,1.062348
-17360.99,15,1.083351
-10408.1525,15,1.105348
-13838.9525,15,1.127689
-12206.8675,15,1.148788
-12871.875,15,1.172458
-13304.08,15,1.18784
-15540.3725,15,1.203839
-11557.535,15,1.22394
-13381.835,15,1.244094
-12389.3375,15,1.262095
-13004.1225,15,1.278095
-5923.9225,15,1.307793
-14528.6325,15,1.341826
-11339.455,15,1.36079
-12351.505,15,1.377791
-12865.1025,15,1.391791
-12044.1875,15,1.40679
-11826.3325,15,1.420791
-12178.0075,15,1.441921
-15903.0925,15,1.45893
-15112.175,15,1.477206
-9836.355,15,1.49428
-9719.3975,15,1.51228
-7824.075,15,1.528398
-12661.6125,15,1.5496
-13490.8775,15,1.56261
-12285.3825,15,1.578691
-12953.245,15,1.59389
-11929.8,15,1.60989
-11666.1825,15,1.62505
-9577.6475,15,1.646252
-11312.0325,15,1.670621
-10070.5375,15,1.692865
-9323.2,15,1.711976
-9660.16,15,1.73198
-9169.745,15,1.752977
-10867.3475,15,1.770977
-8651.6825,15,1.787975
-9047.6875,15,1.804976
-14466.62,15,1.824975
-6248.1275,15,1.840976
-12525.03,15,1.859975
-9418.06,15,1.882046
-10010.755,15,1.902046
-10130.275,15,1.919157
-14275.255,15,1.937157
-12250.2625,15,1.956156
-9197.595,15,1.978388
-11222.65,15,1.996389
-9387.095,15,2.012387
-7689.695,15,2.03039
-13190.08,15,2.048387
-13003.4775,15,2.0654
-6361.125,15,2.083522
-11330.055,15,2.10165
-14631.52,15,2.121192
-6677.96,15,2.142191
-10053.975,15,2.161191
-8309.3525,15,2.189317
-8269.3925,15,2.211488
-10986.4575,15,2.228627
-13971.375,15,2.242748
-9267.3825,15,2.263747
-11109.995,15,2.285154
-8895.7,15,2.307374
-9092.12,15,2.323637
-9959.1625,15,2.339741
-10700.3475,15,2.356855
-8269.6175,15,2.37707
-9407.35,15,2.393359
-12152.41,15,2.414801
-13571.235,15,2.435955
-10839.4475,15,2.45417
-11822.4725,15,2.46917
-11158.92,15,2.485479
-7484.3975,15,2.502765
-11040.3975,15,2.525898
-11437.3775,15,2.543888
-10936.43,15,2.564889
-7817.1425,15,2.587887
-6800.8325,15,2.603887
-9040.0975,15,2.624001
-9545.945,15,2.646158
-9727.6375,15,2.66537
-9468.8625,15,2.681382
-8060.08,15,2.696384
-8330.725,15,2.714371
-14846.8375,15,2.73537
-9676.065,15,2.768817
-10597.2575,15,2.793553
-8742.115,15,2.817553
-10414.985,15,2.838554
-11818.155,15,2.859647
-13348.175,15,2.875647
-9859.905,15,2.894648
-12860.85,15,2.915768
-12221.51,15,2.935902
-9409.51,15,2.956003
-6832.6975,15,2.975138
-6084.32,15,2.992267
-9586.62,15,3.009255
-10371.3725,15,3.027257
-9164.3725,15,3.045257
-7938.8675,15,3.068255
-8672.185,15,3.08614
-14298.2875,15,3.105142
-6780.4525,15,3.122307
-8412.065,15,3.139307
-14902.9125,15,3.156308
-10013.5625,15,3.175464
-8478.9675,15,3.192584
-7408.885,15,3.210721
-7303.7125,15,3.232721
-10006.1875,15,3.247722
-10267.835,15,3.266722
-8800.8375,15,3.290848
-8963.735,15,3.31202
-9967.7075,15,3.329391
-5978.5975,15,3.350737
-7313.8875,15,3.368739
-7407.4975,15,3.391246
-12980.5825,15,3.409372
-10002.385,15,3.425467
-9859.01,15,3.444565
-8717.0225,15,3.46492
-10611.5225,15,3.480003
-9216.635,15,3.502379
-8661.385,15,3.522383
-7284.0475,15,3.543381
-8254.1725,15,3.562623
-6116.275,15,3.583909
-8367.6475,15,3.606166
-8551.9225,15,3.626357
-9000.075,15,3.645355
-8410.6275,15,3.662639
-6357.59,15,3.680932
-8501.0175,15,3.703072
-7602.4025,15,3.725231
-8811.635,15,3.750538
-11386.67,15,3.767973
-6668.3425,15,3.788416
-11654.035,15,3.804688
-6252.225,15,3.826496
-9612.2925,15,3.857798
-13686.67,15,3.888967
-12464.685,15,3.909959
-7328.755,15,3.934961
-5550.2025,15,3.958095
-9434.7225,15,3.979392
-10246.41,15,3.998392
-9437.3325,15,4.017395
-11674.0625,15,4.041395
-7619.3625,15,4.062395
-10543.125,15,4.082394
-8885.5825,15,4.103405
-12879.89,15,4.123394
-8475.485,15,4.148394
-9385.475,15,4.163543
-7200.41,15,4.182781
-9187.0975,15,4.202779
-10367.415,15,4.219779
-13719.725,15,4.236922
-7188.7325,15,4.257921
-9630.2075,15,4.278923
-8414.4325,15,4.300928
-6300.2125,15,4.319246
-9511.16,15,4.338247
-10213.9575,15,4.363244
-8824.8825,15,4.386244
-8495.73,15,4.405243
-12264.745,15,4.426242
-5210.29,15,4.445366
-6050.26,15,4.468502
-13360.91,15,4.485507
-8108.4875,15,4.509499
-7980.8725,15,4.533501
-5198.28,15,4.554501
-6766.6375,15,4.581638
-5190.315,15,4.6005
-9742.015,15,4.620501
-8965.515,15,4.639499
-12159.185,15,4.654499
-5090.635,15,4.679502
-8661.84,15,4.697647
-5511.2775,15,4.720772
-6328.2475,15,4.739985
-7222.2375,15,4.759299
-3818.0075,15,4.778929
-11527.0475,15,4.801381
-6165.4325,15,4.816522
-7897.51,15,4.836605
-3483.235,15,4.857883
-5507.09,15,4.874882
-6278.635,15,4.889013
-7728.29,15,4.91258
-8547.03,15,4.934688
-7079.54,15,4.957127
-5229.465,15,4.975127
-7249.6225,15,4.994252
-6752.4,15,5.020534
-8553.0475,15,5.042631
-5581.2275,15,5.060641
-4326.2875,15,5.07764
-6216.825,15,5.095777
-8121.2725,15,5.119005
-6386.6925,15,5.134108
-7927.6125,15,5.154106
-4202.025,15,5.17153
-7288.1825,15,5.192533
-9290.625,15,5.211765
-7580.6875,15,5.234106
-10365.4375,15,5.252106
-7070.495,15,5.270106
-6328.4225,15,5.290291
-7354.4225,15,5.308287
-8478.3475,15,5.325287
-7893.5725,15,5.350412
-7212.02,15,5.365523
-4970.26,15,5.384628
-9014.4525,15,5.403626
-11403.045,15,5.424147
-6814.14,15,5.444148
-6730.9775,15,5.460234
-6870.3125,15,5.479234
-8621.265,15,5.497234
-11359.2,15,5.511241
-6342.83,15,5.529237
-7968.2225,15,5.55042
-18051.214365,15,5.57548
-7975.4225,15,5.601676
-7425.725,15,5.624676
-5889.8975,15,5.643787
-6793.89,15,5.664891
-3091.3125,15,5.67989
-18998.879789,15,5.69689
-7762.6225,15,5.712977
-29350.71698,15,5.731977
-8323.3575,15,5.748975
-9904.1,15,5.774978
-6890.6125,15,5.796977
-4336.66,15,5.817099
-57429.746962,15,5.834091
-6726.39,15,5.855195
-5131.135,15,5.877317
-2361.525,15,5.896317
-7361.505,15,5.914318
-7808.6075,15,5.934316
-8055.58,15,5.955317
-8751.225,15,5.974317
-8392.735,15,5.997315
-5657.5,15,6.018317
-3560.275,15,6.041545
-7799.6125,15,6.059315
-10513.37,15,6.075317
-4973.7475,15,6.098316
-8548.4125,15,6.117316
-5696.3125,15,6.136317
-8027.955,15,6.153421
-8184.3575,15,6.177662
-6923.345,15,6.204802
-4735.7875,15,6.228064
-8221.2075,15,6.246246
-53026.744232,15,6.264679
-7669.655,15,6.284029
-7790.3325,15,6.309243
-5927.9175,15,6.326388
-9039.68,15,6.345808
-6066.3525,15,6.364131
-5227.0125,15,6.383129
-7244.285,15,6.399257
-5742.3475,15,6.422505
-5521.6225,15,6.441773
-4753.05,15,6.462988
-12800.167941,15,6.482464
-14323.545,15,6.502777
-4898.3575,15,6.527184
-4569.7875,15,6.546528
-5331.7225,15,6.563823
-6066.5225,15,6.58511
-4736.625,15,6.605216
-2545.21,15,6.624351
-5529.835,15,6.645994
-122018.575345,15,6.664083
-4977.69,15,6.682318
-3621.385,15,6.700323
-5435.7425,15,6.716321
-7135.4125,15,6.738578
-5643.01,15,6.759691
-7163.29,15,6.780841
-2232.6,15,6.799839
-10264.7175,15,6.819843
-103236.889233,15,6.838842
-4163.6625,15,6.862989
-5440.3975,15,6.881989
-4433.415,15,6.901053
-3994.9975,15,6.922987
-9347.9175,15,6.941151
-3029.53,15,6.962458
-8312.2825,15,6.98457
-2914.8,15,7.006569
-6608.605,15,7.030702
-4339.5,15,7.048703
-6378.8225,15,7.072997
-69932.346011,15,7.090297
-5804.4475,15,7.107378
-5958.91,15,7.123616
-2071.8375,15,7.142604
-4215.835,15,7.160604
-6084.32,15,7.192292
-4476.9475,15,7.227266
-4139.25,15,7.250386
-99564.675843,15,7.270558
-3282.295,15,7.294664
-2153.9625,15,7.312796
-5306.8325,15,7.331903
-5803.975,15,7.35116
-6628.715,15,7.371321
-3270.3,15,7.391455
-4055.6075,15,7.414608
-2449.3875,15,7.436708
-4392.995,15,7.457819
-23812.616506,15,7.47482
-5153.81,15,7.498901
-4069.22,15,7.517993
-2380.5175,15,7.536112
-4142.935,15,7.552258
-5908.465,15,7.571257
-6325.97,15,7.589511
-2487.2725,15,7.610644
-48222.841825,15,7.62876
-1740.6375,15,7.648018
-16937.445639,15,7.669019
-2732.2125,15,7.691172
-107662.600213,15,7.709202
-4758.99,15,7.733398
-3379.875,15,7.756263
-6926.0225,15,7.773405
-2290.29,15,7.789406
-209102.942438,15,7.810552
-5796.5225,15,7.834532
-4776.985,15,7.852779
-4131.0375,15,7.869778
-5872.8475,15,7.887026
-2038.0875,15,7.904016
-9358.16,15,7.920244
-3764.04,15,7.939262
-66359.58528,15,7.956491
-4007.5975,15,7.978516
-4844.9125,15,8.000819
-177584.506858,15,8.020817
-96075.697511,15,8.039817
-2811.75,15,8.059937
-4311.01,15,8.076123
-4024.115,15,8.095029
-3601.3375,15,8.117053
-130470.234134,15,8.13603
-138719.32682,15,8.16002
-72948.71886,15,8.18003
-2380.3975,15,8.20202
-9369.61,15,8.222029
-6107.0725,15,8.24203
-5109.5625,15,8.264177
-52480.948886,15,8.288316
-3426.085,15,8.309479
-5747.05,15,8.327947
-96291.737367,15,8.348951
-4665.525,15,8.370094
-5056.2375,15,8.390283
-3879.1,15,8.40839
-141235.662569,15,8.430539
-7107.1975,15,8.453831
-2871.32,15,8.482823
-5224.905,15,8.501992
-5290.0475,15,8.520159
-9933.125,15,8.539313
-5274.46,15,8.560709
-4775.95,15,8.578717
-23996.153235,15,8.604963
-1675.81,15,8.628096
-6642.4375,15,8.648417
-3398.9525,15,8.667552
-4058.34,15,8.684552
-87717.308335,15,8.712804
-6694.4125,15,8.734057
-142317.371272,15,8.755229
-1444.2,15,8.775466
-3260.935,15,8.794598
-6262.7225,15,8.819729
-31734.032844,15,8.842843
-3933.69,15,8.861974
-4057.075,15,8.885115
-116631.397119,15,8.919253
-224945.217902,15,8.951638
-4504.425,15,8.97176
-3968.25,15,8.990757
-73871.48378,15,9.007757
-3632.03,15,9.031875
-6036.09,15,9.050013
-4553.2275,15,9.069654
-5457.920474,15,9.086654
-281375.953719,15,9.105727
-97811.777826,15,9.121727
-4245.395,15,9.144876
-4297.6,15,9.163984
-293823.05344,15,9.182984
-5713.3225,15,9.198983
-51856.718652,15,9.220982
-3910.3775,15,9.245984
-106570.569517,15,9.265984
-1610.8125,15,9.285512
-5737.82,15,9.30392
-2122.2375,15,9.32192
-111979.011161,15,9.349234
-24825.602902,15,9.367453
-61760.837292,15,9.389454
-135008.243747,15,9.413455
-9841.006978,15,9.437453
-4074.60959,15,9.459453
-27009.249063,15,9.480581
-278380.731849,15,9.50175
-7537.32,15,9.520581
-93984.141123,15,9.537581
-1775.4,15,9.556583
-230953.455548,15,9.578583
-212194.688664,15,9.599582
-206000.984781,15,9.616582
-47861.800326,15,9.633583
-3657.385,15,9.650678
-17855.719726,15,9.673678
-1846.95,15,9.695679
-1982.85,15,9.713679
-2314.6125,15,9.73068
-280658.586155,15,9.748679
-145457.969202,15,9.764679
-11704.075004,15,9.786677
-274345.534048,15,9.804688
-49530.459755,15,9.822794
-1490.775,15,9.840794
-164741.636959,15,9.862808
-4916.5975,15,9.883798
-249917.155498,15,9.911796
-279726.785771,15,9.932803
-2346.4225,15,9.958796
-164443.308248,15,9.980039
-158141.796543,15,10.004387
-1975.0675,15,10.022523
-61208.360118,15,10.040521
-255024.759259,15,10.058779
-167563.35165,15,10.078777
-9353.395358,15,10.095902
-56126.557443,15,10.121092
-278914.577331,15,10.145723
-98168.999105,15,10.170855
-23493.324317,15,10.192413
-3078.5725,15,10.221704
-48080.456385,15,10.246857
-2890.2275,15,10.267038
-2210.55,15,10.283343
-287204.603812,15,10.306621
-177146.754194,15,10.330619
-26600.022404,15,10.349875
-181457.857108,15,10.374175
-279251.651944,15,10.402179
-286434.369546,15,10.420443
-19233.576927,15,10.443314
-213768.625364,15,10.467919
-214057.464098,15,10.501209
-206442.766798,15,10.525391
-2226.3,15,10.548498
-20052.138284,15,10.567495
-3812.4375,15,10.587605
-212510.185638,15,10.609859
-97767.060169,15,10.632859
-290412.945884,15,10.656061
-281504.672323,15,10.680057
-13969.209632,15,10.700052
-87398.367262,15,10.719138
-152440.841121,15,10.742967
-281046.575685,15,10.768966
-2901.2775,15,10.791086
-212895.218004,15,10.813968
-50270.059913,15,10.831967
-288302.976541,15,10.853095
-125368.773508,15,10.881529
-162456.550117,15,10.902791
-72227.215579,15,10.922019
-2251.8375,15,10.945276
-14750.74113,15,10.970722
-291741.991313,15,10.990994
-170206.069201,15,11.011261
-2718.2125,15,11.034686
-64208.284262,15,11.058983
-203531.977169,15,11.084395
-295418.827076,15,11.105645
-302466.662168,15,11.129644
-163337.115703,15,11.154212
-279713.432804,15,11.176564
-177604.769894,15,11.199927
-300587.440066,15,11.221394
-61106.80332,15,11.242685
-293888.137586,15,11.263949
-298374.886979,15,11.28116
-93164.085258,15,11.303327
-12687.566322,15,11.321449
-3981.4975,15,11.339453
-295301.190757,15,11.35557
-281869.374003,15,11.374811
-54166.374968,15,11.394958
-293586.71522,15,11.422462
-283789.501884,15,11.443456
-294428.279136,15,11.468456
-287527.51528,15,11.494456
-298948.006016,15,11.518573
-273711.883429,15,11.537817
-290582.627952,15,11.556818
-280910.60811,15,11.576819
-293166.782508,15,11.594819
-94984.879468,15,11.615819
-290087.234017,15,11.635936
-294071.021573,15,11.657056
-290702.345733,15,11.67916
-296158.331049,15,11.70032
-212779.753741,15,11.728621
-288303.212308,15,11.752023
-289064.99137,15,11.773025
-294123.293176,15,11.793027
-288283.933331,15,11.813605
-273747.22811,15,11.849319
-283617.829417,15,11.881625
-291575.866704,15,11.900856
-292363.990741,15,11.923177
-295161.761874,15,11.947481
-294243.184806,15,11.971909
-292854.655965,15,11.990038
-291329.830441,15,12.00926
-290128.765441,15,12.03367
-288920.323036,15,12.061066
-285908.769481,15,12.080281
-281763.53334,15,12.100282
-279711.006281,15,12.118291
-283466.85948,15,12.136294
-289136.999266,15,12.15553
-287003.848797,15,12.17576
-284989.183719,15,12.19476
-292069.352849,15,12.213985
-295384.18958,15,12.232985
-292033.98497,15,12.253242
-290456.424719,15,12.279464
-268679.544832,15,12.300577
-281940.877112,15,12.318576
-282873.36009,15,12.341787
-280636.265942,15,12.369958
-290505.618802,15,12.39396
-287839.491004,15,12.411229
-294555.710009,15,12.431384
-285412.866506,15,12.452379
-273954.792945,15,12.480378
-289970.728094,15,12.50368
-293899.813911,15,12.527677
-245201.923481,15,12.54968
-282568.964392,15,12.573679
-282946.189584,15,12.595735
-166796.212142,15,12.619034
-298069.59361,15,12.641182
-280802.917628,15,12.661238
-301582.491666,15,12.680707
-292006.654674,15,12.704859
-284784.73814,15,12.726974
-292690.802911,15,12.746115
-282397.437355,15,12.766439
-293406.374414,15,12.787832
-279922.237564,15,12.811096
-280977.850484,15,12.833607
-247103.055747,15,12.85375
-282614.320981,15,12.87597
-291064.795244,15,12.89797
-301321.340115,15,12.920282
-290171.335948,15,12.942411
-297293.181002,15,12.96157
-285363.557812,15,12.982909
-283130.06292,15,13.006023
-284552.83273,15,13.029159
-299926.98217,15,13.050291
-284822.67503,15,13.072544
-285235.265949,15,13.095825
-292660.634022,15,13.116079
-290163.236973,15,13.14422
-288700.158516,15,13.164457
-292011.039346,15,13.18459
-286709.328638,15,13.202709
-272278.459165,15,13.226862
-291440.66147,15,13.249976
-291528.294417,15,13.275128
-298893.704455,15,13.298292
-53951.805936,15,13.32152
-281123.018636,15,13.348668
-295729.193238,15,13.371806
-183012.341124,15,13.390806
-300342.36301,15,13.411951
-287173.994345,15,13.430953
-296592.891302,15,13.453953
-282960.599833,15,13.474953
-294362.169675,15,13.500103
-294303.038977,15,13.532253
-79455.014261,15,13.569252
-298478.391663,15,13.592254
-292503.177141,15,13.611387
-283276.999455,15,13.630253
-125672.940339,15,13.648251
-293995.631952,15,13.664253
-280465.609751,15,13.689251
-292643.578166,15,13.710253
-295179.682022,15,13.729501
-290254.733332,15,13.745631
-289112.80691,15,13.76563
-287018.681447,15,13.789629
-283569.99655,15,13.807636
-303605.165722,15,13.823629
-285181.152243,15,13.841629
-287217.90857,15,13.861628
-298434.772857,15,13.879764
-290906.785997,15,13.903764
-281653.686105,15,13.930763
-289268.446752,15,13.954765
-297790.523139,15,13.980766
-296520.896834,15,14.000764
-298223.465184,15,14.021765
-295805.032484,15,14.042766
-282839.864528,15,14.062765
-283908.224012,15,14.081955
-284129.358341,15,14.101766
-295408.175774,15,14.129766
-285003.50482,15,14.150889
-290248.450791,15,14.172887
-307181.221337,15,14.194887
-12642.824164,15,14.215299
-58919.113354,15,14.238301
-288689.943293,15,14.256307
-289600.815846,15,14.274301
-68034.705136,15,14.292308
-292431.330132,15,14.3133
-287589.07228,15,14.334301
-291311.365359,15,14.353301
-274170.396627,15,14.374502
-288529.026457,15,14.396698
-296126.789878,15,14.417698
-303634.230599,15,14.446697
-288738.470347,15,14.4697
-286690.306208,15,14.492698
-292803.207443,15,14.514841
-77201.649168,15,14.543206
-282800.192351,15,14.565345
-162688.796884,15,14.588505
-298147.069138,15,14.610502
-285766.711305,15,14.635659
-280155.163339,15,14.66081
-120873.388793,15,14.683162
-266555.548159,15,14.704317
-289108.298434,15,14.725455
-287746.682087,15,14.744663
-288675.487481,15,14.773038
-284791.462252,15,14.792472
-274055.316743,15,14.813049
-294856.176843,15,14.838195
-214935.774367,15,14.85934
-289862.916916,15,14.882401
-297380.440971,15,14.901553
-295318.75797,15,14.92255
-294819.849172,15,14.94368
-286733.862137,15,14.966805
-288916.091517,15,14.992921
-279813.906456,15,15.01493
-292324.983463,15,15.036041
-294128.538729,15,15.054038
-277093.570718,15,15.077039
-287965.090576,15,15.103038
-288861.390206,15,15.12304
-281355.158201,15,15.146113
-287195.835389,15,15.18125
-52158.127378,15,15.211271
-301361.877274,15,15.231232
-281435.23348,15,15.253521
-205410.018756,15,15.272776
-296120.756732,15,15.298893
-287200.090178,15,15.322894
-294286.878171,15,15.341007
-286992.992623,15,15.360007
-290522.237368,15,15.379007
-297062.540149,15,15.40001
-283811.31937,15,15.422132
-306283.366368,15,15.445239
-285097.718195,15,15.465357
-291707.179474,15,15.487357
-288051.135928,15,15.506601
-290836.657735,15,15.534789
-285164.307946,15,15.558957
-288575.625449,15,15.580959
-290199.99331,15,15.599967
-275029.822405,15,15.62196
-297402.608554,15,15.644959
-303587.149992,15,15.664959
-296251.486968,15,15.684957
-287267.342324,15,15.703957
-281920.063077,15,15.721959
-284780.966567,15,15.742959
-290574.375554,15,15.762957
-284421.813243,15,15.781957
-287799.210092,15,15.801096
-287602.542559,15,15.821026
-294545.713308,15,15.843129
-285336.800219,15,15.864981
-293979.611415,15,15.886981
-295636.799674,15,15.904979
-287073.281828,15,15.92623
-52546.08843,15,15.951445
-296337.773426,15,15.970229
-294438.122438,15,15.990231
-294624.817384,15,16.010231
-277846.459839,15,16.032233
-280473.461553,15,16.053356
-79063.250423,15,16.0766
-293848.41203,15,16.093544
-283632.539228,15,16.111784
-288572.949269,15,16.132075
-292414.053882,15,16.151075
-286272.766767,15,16.172188
-115929.221198,15,16.191258
-292530.409941,15,16.213259
-293685.831321,15,16.235473
-286693.76905,15,16.253473
-297432.748618,15,16.271576
-297187.645356,15,16.294921
-287897.676835,15,16.314919
-290588.829183,15,16.331095
-182437.674631,15,16.349096
-286486.939105,15,16.368096
-287538.89868,15,16.391385
-293743.040885,15,16.407385
-3796.555,15,16.426385
-129799.213996,15,16.445597
-290511.506279,15,16.464597
-138154.929872,15,16.483795
-290084.26929,15,16.507054
-286891.272457,15,16.527164
-286009.312777,15,16.548163
-293765.283774,15,16.566746
-291361.34989,15,16.586734
-274708.309897,15,16.612056
-287547.286688,15,16.638054
-283179.965204,15,16.660322
-292694.342016,15,16.683323
-21622.026942,15,16.706322
-288082.754261,15,16.738774
-299396.538448,15,16.774965
-258854.502615,15,16.801386
-290731.23149,15,16.828526
-291198.264104,15,16.849821
-203374.780413,15,16.869818
-285084.186316,15,16.889958
-295894.597029,15,16.911053
-295498.6624,15,16.93696
-287216.884969,15,16.955965
-278105.185043,15,16.978959
-285062.153765,15,16.998962
-280781.972481,15,17.017962
-287459.993017,15,17.038101
-295439.438478,15,17.061103
-296193.500661,15,17.086102
-298505.679003,15,17.108101
-289741.814073,15,17.126099
-290297.01594,15,17.154101
-286126.475202,15,17.176099
-296559.910675,15,17.201237
-289383.218024,15,17.222099
-287275.667364,15,17.241099
-301935.494158,15,17.263242
-265149.077502,15,17.28224
-290682.565649,15,17.30024
-228021.921822,15,17.317242
-283619.852411,15,17.335242
-284837.617599,15,17.354246
-178543.761245,15,17.37624
-281730.652374,15,17.39524
-290200.227549,15,17.41524
-287727.046459,15,17.434242
-297547.472105,15,17.456825
-294825.946126,15,17.486823
-286787.22848,15,17.510826
-289589.640644,15,17.532881
-292710.31188,15,17.552882
-299153.143636,15,17.572103
-290614.154642,15,17.597214
-281844.47944,15,17.618212
-290681.258123,15,17.638212
-182028.313378,15,17.658352
-288223.331907,15,17.68049
-291599.739486,15,17.707617
-283274.724126,15,17.729779
-286229.70783,15,17.751016
-299759.738338,15,17.7729
-295028.88838,15,17.798167
-294434.278216,15,17.819294
-292138.155183,15,17.842298
-166751.859849,15,17.865293
-282190.915287,15,17.8854
-289924.297498,15,17.907654
-221801.956098,15,17.928785
-299614.00287,15,17.952152
-299750.989056,15,17.972284
-286108.474081,15,17.994544
-291422.614606,15,18.020973
-294795.90779,15,18.043091
-280874.344431,15,18.068373
-286865.678111,15,18.086625
-80826.483989,15,18.109745
-261203.429645,15,18.133118
-300877.431834,15,18.152195
-295831.128371,15,18.172616
-293839.724327,15,18.195626
-289367.704515,15,18.213809
-273738.122722,15,18.23601
-299168.551398,15,18.253008
-291916.265555,15,18.270008
-282538.899741,15,18.287107
-140694.84151,15,18.305336
-289783.920785,15,18.321336
-301740.922114,15,18.34886
-287766.459865,15,18.379999
-291688.372652,15,18.404157
-13303.137489,15,18.425153
-287480.56935,15,18.449246
-291245.215792,15,18.469404
-284410.400325,15,18.488404
-297488.393162,15,18.50652
-293534.955159,15,18.52666
-298144.213735,15,18.553871
-298274.234003,15,18.573025
-293056.61519,15,18.592026
-294545.081841,15,18.615209
-286896.45718,15,18.636207
-290330.710239,15,18.662332
-225111.120204,15,18.683692
-299992.641329,15,18.705681
-96137.963701,15,18.729681
-282058.417142,15,18.74968
-288952.366591,15,18.770681
-302230.123944,15,18.789681
-287113.261757,15,18.810682
-296566.060608,15,18.830682
-291026.394167,15,18.851681
-304302.332221,15,18.87568
-283540.45722,15,18.898693
-284429.844097,15,18.921046
-54731.443914,15,18.938352
-295142.175906,15,18.957653
-284216.55948,15,18.97877
-281076.78244,15,19.002769
-291790.051693,15,19.023769
-291767.979971,15,19.044057
-288618.250159,15,19.06406
-287872.607929,15,19.089057
-293822.74788,15,19.108056
-282070.98568,15,19.132057
-181755.001455,15,19.154057
-281330.595942,15,19.177058
-193718.698881,15,19.198917
-280986.465386,15,19.218256
-278889.349419,15,19.23752
-299219.390469,15,19.25981
-306066.909274,15,19.279131
-285243.198095,15,19.298394
-293566.595185,15,19.325845
-284141.481389,15,19.349181
-297322.477878,15,19.370604
-298782.755262,15,19.390889
-289422.038236,15,19.416324
-298082.519008,15,19.440723
-290754.471793,15,19.463886
-302725.824957,15,19.483031
-280513.623262,15,19.504325
-190516.526797,15,19.530542
-292276.021834,15,19.554075
-281954.88077,15,19.576299
-291912.914098,15,19.595695
-296169.857733,15,19.613982
-296437.074331,15,19.634071
-300386.476151,15,19.653238
-297523.046468,15,19.674381
-299232.405392,15,19.694515
-282963.075981,15,19.712646
-293161.00337,15,19.739646
-298152.191586,15,19.776855
-286883.784803,15,19.804021
-292192.236071,15,19.824258
-302488.873024,15,19.852689
-289383.563456,15,19.87499
-2241.414345,15,19.896177
-294126.634962,15,19.914425
-281090.611975,15,19.933732
-177485.452776,15,19.956846
-286356.819736,15,19.97694
-286824.361267,15,19.99894
-7272.493629,15,20.022949
-292177.753145,15,20.049386
-283354.2469,15,20.075649
-290101.041751,15,20.093651
-293459.051448,15,20.114651
-279632.431288,15,20.140652
-282581.774223,15,20.169831
-123976.846534,15,20.190831
-164374.899834,15,20.213841
-291081.659166,15,20.23683
-282498.591776,15,20.259093
-254502.729804,15,20.281509
-17058.554695,15,20.300502
-286627.026038,15,20.322715
-292698.291178,15,20.34285
-268493.63202,15,20.35995
-285290.657216,15,20.382219
-293887.216434,15,20.406358
-285699.126634,15,20.429679
-124694.63294,15,20.44916
-286751.26076,15,20.471444
-292057.684826,15,20.498716
-291299.501392,15,20.522032
-202868.288734,15,20.540195
-286151.385185,15,20.558329
-303464.132631,15,20.577464
-291376.959018,15,20.600566
-294790.940509,15,20.619756
-96275.994718,15,20.641128
-286600.932061,15,20.664599
-296297.391282,15,20.684818
-279463.286377,15,20.705054
-293562.879777,15,20.726202
-285458.051035,15,20.74938
-206080.784719,15,20.773796
-298629.441867,15,20.79405
-285461.959944,15,20.819319
-291115.138388,15,20.84269
-296781.24274,15,20.861811
-289479.48345,15,20.87981
-297914.992754,15,20.900045
-274874.096807,15,20.926142
-281262.653273,15,20.951141
-282511.743199,15,20.969213
-284701.348733,15,20.991367
-285064.436169,15,21.010367
-285540.990914,15,21.033367
-298640.636197,15,21.053368
-291127.915362,15,21.079367
-285007.622253,15,21.106528
-290513.033936,15,21.142528
-298047.715868,15,21.167693
-306948.249675,15,21.194871
-295929.253387,15,21.21687
-292803.021841,15,21.239027
-296940.385606,15,21.265027
-14347.911421,15,21.288157
-209444.334116,15,21.311157
-290446.021658,15,21.334708
-43020.422804,15,21.359707
-281860.665541,15,21.380715
-284647.132625,15,21.401728
-285623.848855,15,21.423721
-289799.580836,15,21.44271
-286958.518967,15,21.47071
-293533.138583,15,21.495716
-289381.778955,15,21.516716
-284966.364737,15,21.534707
-280173.869021,15,21.556859
-206252.988226,15,21.58286
-283050.1829,15,21.605027
-286420.38546,15,21.626185
-284562.167562,15,21.647337
-290085.926245,15,21.67254
-298892.715754,15,21.698704
-279492.544287,15,21.722695
-308044.29919,15,21.747694
-284377.178772,15,21.772892
-286282.159556,15,21.800421
-278471.981693,15,21.818421
-204568.451572,15,21.838625
-296253.672955,15,21.859638
-294259.029701,15,21.878778
-279046.251731,15,21.900777
-179343.724636,15,21.921054
-287260.367338,15,21.945548
-289022.108579,15,21.971883
-292515.548239,15,21.99216
-289720.222632,15,22.018453
-293613.668652,15,22.042843
-296006.482365,15,22.065959
-300943.100085,15,22.087123
-47469.859857,15,22.113297
-280922.065871,15,22.138568
-292223.459592,15,22.161189
-294782.074577,15,22.180198
-278116.742719,15,22.207404
-296088.649651,15,22.238539
-310500.43192,15,22.263827
-284882.728031,15,22.285826
-279019.831713,15,22.31007
-280182.318525,15,22.333227
-294002.876026,15,22.36422
-299232.291124,15,22.397038
-295008.284214,15,22.425426
-289015.256074,15,22.449425
-297083.673493,15,22.472695
-215465.952958,15,22.496677
-93356.575612,15,22.520031
-270344.297904,15,22.54303
-203347.394982,15,22.56603
-296947.912541,15,22.58319
-266277.663662,15,22.603188
-280619.715646,15,22.625345
-302126.153749,15,22.656774
-138413.274338,15,22.677132
-76402.859056,15,22.697472
-77794.936996,15,22.717912
-83177.728548,15,22.739196
-77140.411984,15,22.761819
-135423.558337,15,22.785064
-298906.851796,15,22.807475
-250759.188059,15,22.832877
-286935.275258,15,22.853154
-288365.834025,15,22.87752
-293654.364081,15,22.898727
-292916.35147,15,22.921189
-292153.830155,15,22.941186
-284980.659832,15,22.960409
-280391.272729,15,22.98466
-283496.50806,15,23.005829
-249616.163441,15,23.028066
-289229.654019,15,23.051436
-281644.558617,15,23.078583
-286758.821465,15,23.098587
-298518.088485,15,23.11974
-285116.71563,15,23.13774
-295471.858616,15,23.15674
-285533.926429,15,23.176988
-299282.000432,15,23.201975
-291810.615869,15,23.22213
-301202.060257,15,23.248131
-290708.624741,15,23.26913
-279637.223832,15,23.28913
-196140.58164,15,23.315253
-303682.26056,15,23.335393
-140911.078733,15,23.371502
-294153.842771,15,23.399502
-291462.79747,15,23.427508
-283592.422295,15,23.451553
-292866.018678,15,23.474504
-288906.617618,15,23.492499
-285303.713857,15,23.511586
-129537.115478,15,23.5395
-295463.392097,15,23.564499
-285028.55696,15,23.589498
-63274.76207,15,23.618693
-285973.530583,15,23.647692
-291291.089905,15,23.670702
-283810.922464,15,23.689692
-281616.242085,15,23.71176
-293246.624607,15,23.738691
-293355.085583,15,23.761852
-58363.373478,15,23.781811
-280991.489597,15,23.805693
-272058.376212,15,23.827693
-136666.464824,15,23.855693
-287182.540212,15,23.873693
-281406.905933,15,23.894693
-280767.816526,15,23.917701
-283151.612994,15,23.938693
-284379.828269,15,23.960693
-293443.351107,15,23.982
-284801.15718,15,24.003127
-284456.11502,15,24.028286
-290871.008186,15,24.049455
-288075.619937,15,24.076763
-298886.061445,15,24.0999
-287750.197436,15,24.120101
-285640.528274,15,24.146101
-282684.946117,15,24.1741
-293723.023246,15,24.1931
-64533.648339,15,24.215098
-279455.189504,15,24.23311
-295410.802838,15,24.2521
-296301.103087,15,24.27764
-297504.972434,15,24.300305
-293952.402822,15,24.318305
-301641.952104,15,24.342178
-287562.796321,15,24.363508
-288502.418815,15,24.387885
-292262.747883,15,24.407236
-274733.700883,15,24.427521
-281476.401466,15,24.447789
-283742.018107,15,24.484848
-282733.699856,15,24.518153
-288357.934911,15,24.540262
-98554.665749,15,24.56037
-291364.841501,15,24.584373
-291415.073259,15,24.610518
-283091.978985,15,24.633645
-130630.163319,15,24.656037
-290038.725702,15,24.67617
-290637.17826,15,24.696336
-290438.943182,15,24.720706
-156095.186851,15,24.740882
-279977.534046,15,24.758965
-54759.446493,15,24.775964
-298089.228026,15,24.79635
-289948.232318,15,24.824615
-287684.177737,15,24.848726
-284741.030574,15,24.869048
-289064.27177,15,24.899456
-279520.39156,15,24.932631
-284637.965261,15,24.958762
-301747.738449,15,24.980762
-286526.452923,15,24.999763
-9849.469266,15,25.018763
-298675.915375,15,25.042949
-294814.687534,15,25.061052
-278629.929905,15,25.080153
-285612.050305,15,25.100144
-294507.138421,15,25.118327
-239395.105141,15,25.139489
-281408.522939,15,25.160596
-296271.540822,15,25.179596
-289627.894091,15,25.199596
-298580.297792,15,25.216595
-292607.020436,15,25.234594
-291318.127852,15,25.256603
-140392.003473,15,25.277595
-284422.044291,15,25.296726
-281655.853509,15,25.31794
-286739.985925,15,25.341212
-289488.663592,15,25.364958
-280669.381585,15,25.383944
-280073.40744,15,25.406944
-294603.445996,15,25.427942
-179036.935706,15,25.446944
-288597.030847,15,25.471943
-288471.749513,15,25.491942
-281926.674505,15,25.513942
-281108.908048,15,25.538946
-283300.917088,15,25.564468
-290218.70788,15,25.59083
-289905.941958,15,25.612985
-288982.756529,15,25.635118
-282885.03361,15,25.654407
-301779.144904,15,25.673524
-282087.183032,15,25.694784
-285799.510929,15,25.716114
-289962.559197,15,25.738373
-57111.780683,15,25.763488
-190995.577924,15,25.79387
-290919.928872,15,25.817999
-295506.62584,15,25.838331
-297586.342591,15,25.858568
-290266.963452,15,25.879827
-295530.213941,15,25.903095
-286961.529888,15,25.921372
-175353.085669,15,25.942706
-296303.080001,15,25.96925
-297035.269237,15,25.996614
-298327.519004,15,26.03216
-289473.668729,15,26.057483
-287824.176548,15,26.080831
-303197.660833,15,26.103084
-224319.085519,15,26.128084
-288125.68576,15,26.147215
-293638.330909,15,26.167346
-299304.765126,15,26.190336
-291626.22358,15,26.214492
-288375.519222,15,26.240824
-275064.788583,15,26.261995
-260412.027761,15,26.284293
-303294.786278,15,26.304475
-296246.88699,15,26.329482
-293240.559056,15,26.353484
-283027.054517,15,26.377482
-296244.451116,15,26.397482
-288562.146482,15,26.418481
-294276.78935,15,26.438484
-296669.080587,15,26.465476
-301224.388753,15,26.484484
-280620.778021,15,26.510478
-288275.028811,15,26.533475
-280948.056704,15,26.558476
-144145.113121,15,26.577478
-291623.697935,15,26.59659
-282249.727998,15,26.615104
-283313.75069,15,26.634104
-290355.046163,15,26.651227
-282961.643731,15,26.678526
-290344.659373,15,26.697526
-284501.294015,15,26.719527
-291960.061493,15,26.737798
-133280.91158,15,26.75896
-285494.637826,15,26.78703
-288683.198296,15,26.812022
-286739.837159,15,26.83289
-278881.581004,15,26.856889
-289579.969956,15,26.880454
-282819.102776,15,26.902447
-302148.62434,15,26.919447
-284141.099531,15,26.939725
-288804.893756,15,26.958722
-288746.230695,15,26.97973
-290343.145975,15,27.003861
-296401.751776,15,27.02686
-302558.65428,15,27.045869
-290215.017568,15,27.068861
-297307.582365,15,27.092289
-298001.038641,15,27.118788
-247829.312584,15,27.139008
-283327.999649,15,27.159226
-299681.222238,15,27.178494
-277584.089372,15,27.197654
-298135.751805,15,27.220792
-288036.565213,15,27.241042
-274020.55153,15,27.259167
-156200.745708,15,27.279367
-301278.222369,15,27.299726
-286466.412234,15,27.325317
-281683.29479,15,27.343732
-271114.682417,15,27.367093
-292924.52647,15,27.406597
-278235.259855,15,27.437596
-287236.14593,15,27.457724
-278191.851878,15,27.482722
-285189.707591,15,27.506048
-292352.145898,15,27.525119
-290464.288409,15,27.54741
-288193.087238,15,27.569703
-25078.525184,15,27.593161
-279547.6316,15,27.614161
-296331.939649,15,27.634166
-286422.591845,15,27.660285
-285972.239127,15,27.680605
-277377.056135,15,27.701627
-293214.813862,15,27.718791
-181743.097787,15,27.73691
-296677.946648,15,27.762046
-282311.012899,15,27.782048
-287196.56329,15,27.801047
-290972.089121,15,27.820154
-289027.526262,15,27.841556
-290388.971798,15,27.866726
-294449.51416,15,27.887874
-292871.015009,15,27.909984
-284855.999219,15,27.929984
-289433.366754,15,27.949984
-294876.222748,15,27.973982
-286384.378733,15,27.993984
-298659.661232,15,28.013993
-295254.324794,15,28.034984
-282618.603352,15,28.054983
-281903.348385,15,28.082985
-280602.841001,15,28.107987
-107879.540699,15,28.127985
-6046.161279,15,28.145984
-282869.969899,15,28.165982
-281318.527061,15,28.192985
-289956.402853,15,28.213984
-288114.645004,15,28.233984
-281303.441093,15,28.258984
-280821.549124,15,28.278838
-2002.6225,15,28.301979
-294000.249203,15,28.322982
-304632.585791,15,28.346978
-281676.745285,15,28.371983
-282793.166887,15,28.391977
-286262.025773,15,28.416976
-287806.660882,15,28.443977
-297986.252671,15,28.464978
-287753.982027,15,28.485115
-285704.953018,15,28.51148
-288283.300396,15,28.536616
-287352.122985,15,28.558619
-294292.282423,15,28.580873
-299523.189172,15,28.602677
-289746.35161,15,28.631886
-288389.581928,15,28.653218
-288948.322021,15,28.673495
-285229.921614,15,28.692651
-296941.325017,15,28.715802
-283188.369482,15,28.741219
-288326.594015,15,28.775419
-285056.776579,15,28.803581
-283572.100975,15,28.833997
-81515.932823,15,28.858136
-290903.45693,15,28.879408
-288663.837903,15,28.89755
-293738.596502,15,28.921717
-287867.02564,15,28.948853
-279521.881534,15,28.968851
-290714.656173,15,28.990003
-219262.59345,15,29.013197
-285000.408187,15,29.032207
-298602.053809,15,29.055195
-298897.978894,15,29.076319
-292741.847246,15,29.096469
-13504.162036,15,29.117597
-284887.991547,15,29.139599
-301645.717967,15,29.162973
-246022.310428,15,29.188383
-283476.074754,15,29.21307
-99356.17639,15,29.234071
-294858.189681,15,29.25821
-291480.619987,15,29.289369
-284407.252522,15,29.310369
-279668.587514,15,29.330655
-284735.62938,15,29.347656
-284667.654785,15,29.372928
-136023.818211,15,29.392131
-299841.304352,15,29.414129
-285319.147837,15,29.433449
-282538.938542,15,29.451451
-285296.482082,15,29.473448
-289803.23224,15,29.503637
-256295.640262,15,29.525632
-284084.817194,15,29.545632
-300942.046236,15,29.569753
-281708.172818,15,29.595878
-290086.580887,15,29.616879
-300101.233646,15,29.639882
-172149.355106,15,29.660748
-290309.738332,15,29.684751
-302650.468778,15,29.707903
-216676.272478,15,29.730903
-287062.78643,15,29.750906
-275104.027313,15,29.770907
-289298.138643,15,29.789907
-294040.270732,15,29.818975
-286263.207464,15,29.842106
-301562.323421,15,29.862103
-278470.417312,15,29.882103
-290977.313207,15,29.906204
-286628.7823,15,29.935194
-217052.357835,15,29.959194
-285671.980907,15,29.977358
-252256.935767,15,29.996358
-290545.408137,15,30.022358
-286258.066276,15,30.049361
-285024.523075,15,30.082395
-286421.449346,15,30.111706
-291669.479184,15,30.142046
-290458.444309,15,30.163163
-295027.114186,15,30.187355
-286875.744451,15,30.209674
-296202.694402,15,30.228673
-292649.527565,15,30.251059
-280075.718991,15,30.273291
-285462.152751,15,30.292549
-269594.902551,15,30.312768
-286945.845421,15,30.333918
-293106.583016,15,30.360244
-294792.764488,15,30.385568
-293170.891365,15,30.411145
-285263.82039,15,30.431267
-280729.123469,15,30.448268
-269768.364091,15,30.474386
-293664.702238,15,30.496609
-295905.277974,15,30.520741
-281367.227624,15,30.539922
-290015.484156,15,30.561299
-285635.028601,15,30.584299
-293043.165687,15,30.603298
-290806.186893,15,30.624299
-290303.364498,15,30.6483
-291288.677133,15,30.675299
-285783.099649,15,30.697461
-292033.592284,15,30.71795
-293065.644718,15,30.741304
-285534.030238,15,30.760549
-282229.020008,15,30.78473
-98380.65058,15,30.801869
-299370.68051,15,30.822015
-282259.99839,15,30.843015
-283529.561653,15,30.866015
-289785.584362,15,30.890013
-284933.058706,15,30.914013
-298422.432787,15,30.939865
-286109.338073,15,30.960309
-170680.865323,15,30.978497
-287406.025564,15,31.003987
-2099.5125,15,31.02533
-301121.955292,15,31.049739
-293154.903671,15,31.07144
-291049.870481,15,31.095824
-291358.570447,15,31.124202
-287480.971845,15,31.147319
-60969.387512,15,31.168593
-295196.03815,15,31.191096
-275826.339207,15,31.215341
-276007.238177,15,31.23647
-167040.052512,15,31.254874
-298686.148192,15,31.277317
-296477.667073,15,31.302677
-284964.145736,15,31.326916
-296097.771383,15,31.348209
-286292.446217,15,31.372679
-291489.735977,15,31.395046
-292762.35442,15,31.42542
-298668.046502,15,31.449797
-280545.94098,15,31.488975
-207830.120092,15,31.520817
-291231.944534,15,31.549966
-300670.462728,15,31.568966
-293443.14411,15,31.588975
-296480.903053,15,31.608975
-287329.842967,15,31.631143
-293020.582933,15,31.654966
-282959.531508,15,31.675966
-285524.059726,15,31.696966
-291213.528236,15,31.716964
-293274.814734,15,31.738966
-296128.95765,15,31.768967
-118874.622548,15,31.791836
-264402.748949,15,31.811997
-291387.049534,15,31.833996
-289222.991444,15,31.861995
-283384.993238,15,31.883996
-95853.458666,15,31.905996
-293519.421759,15,31.926996
-296314.088318,15,31.951179
-291006.598322,15,31.977995
-283012.332493,15,32.001135
-288515.236311,15,32.018996
-297388.224862,15,32.039996
-295954.764736,15,32.062997
-57046.714647,15,32.091125
-89094.036901,15,32.11
-296494.38731,15,32.132996
-300171.84763,15,32.153996
-291286.127854,15,32.174996
-275296.936544,15,32.198996
-287823.890601,15,32.217996
-282663.118015,15,32.2376
-313532.516326,15,32.262053
-10410.480862,15,32.282195
-284814.539124,15,32.307334
-23787.364858,15,32.329333
-285305.537679,15,32.351521
-284531.91617,15,32.371588
-136028.827874,15,32.393845
-293407.505561,15,32.421018
-293145.072806,15,32.441634
-288466.109109,15,32.460634
-296880.429471,15,32.480632
-280202.20548,15,32.50264
-288411.687262,15,32.526631
-291503.254801,15,32.54363
-209052.615528,15,32.566631
-281878.630463,15,32.591634
-284512.784001,15,32.611926
-288140.913579,15,32.632631
-296115.238965,15,32.656631
-288167.14465,15,32.678819
-290385.549365,15,32.698818
-282012.460811,15,32.716819
-290532.539566,15,32.74282
-281476.824838,15,32.76182
-295028.586847,15,32.780919
-297541.841061,15,32.800919
-290316.785887,15,32.82392
-280719.753709,15,32.851187
-287556.458984,15,32.87029
-297503.819768,15,32.892385
-283220.447722,15,32.925626
-284472.333992,15,32.95903
-285643.093755,15,32.981248
-249477.657635,15,32.999257
-297351.54394,15,33.023555
-275234.019074,15,33.044762
-211501.809286,15,33.067762
-266818.724342,15,33.085016
-304074.174646,15,33.104016
-182610.59786,15,33.122465
-291662.158421,15,33.139466
-286452.911365,15,33.157465
-283677.214879,15,33.183821
-282975.436938,15,33.20482
-292725.038796,15,33.223057
-216780.954538,15,33.239057
-293023.686606,15,33.260056
-286956.678451,15,33.287058
-294924.208509,15,33.310315
-292751.732926,15,33.327313
-130095.824127,15,33.347409
-303743.851772,15,33.368553
-288717.138186,15,33.394803
-294154.90623,15,33.412944
-285222.008085,15,33.432058
-290037.52742,15,33.45422
-89941.662376,15,33.476341
-286954.638328,15,33.498572
-290894.320327,15,33.517711
-301686.629109,15,33.537051
-176570.79396,15,33.558312
-104958.224257,15,33.576521
-292698.134359,15,33.600669
-299484.678085,15,33.625958
-293525.362469,15,33.647108
-288865.129679,15,33.668107
-287814.678502,15,33.688694
-266197.750971,15,33.709922
-289002.741476,15,33.730012
-292454.711423,15,33.747011
-285592.761383,15,33.766011
-288637.577786,15,33.789009
-296998.092792,15,33.810012
-299743.800559,15,33.835015
-278038.06338,15,33.855011
-290909.901621,15,33.874012
-299125.558123,15,33.89301
-294300.597289,15,33.910011
-277971.329977,15,33.934021
-296598.307125,15,33.955017
-204577.645332,15,33.977011
-21773.644035,15,33.996011
-294712.067615,15,34.017011
-292338.441286,15,34.041139
-292203.826368,15,34.061157
-293806.844334,15,34.079011
-286027.511628,15,34.100011
-303648.880725,15,34.120011
-297557.163597,15,34.147012
-285465.622687,15,34.172014
-289531.642043,15,34.196012
-290206.550264,15,34.219011
-291369.461485,15,34.247011
-291981.689317,15,34.274012
-286669.448717,15,34.297012
-288923.126546,15,34.329011
-287964.28771,15,34.363011
-292535.346601,15,34.385019
-2279.9625,15,34.41101
-291269.836105,15,34.436141
-292629.788633,15,34.459312
-4679.100561,15,34.48147
-311586.023125,15,34.503313
-293714.555844,15,34.527328
-281920.458552,15,34.546631
-287705.009936,15,34.56503
-299835.717941,15,34.592191
-282286.019526,15,34.612351
-273198.618374,15,34.633519
-296467.046321,15,34.653138
-274093.943933,15,34.675545
-286823.301383,15,34.701155
-300502.512352,15,34.720304
-98404.290063,15,34.73846
-288124.161502,15,34.760728
-287695.056386,15,34.787028
-288167.374747,15,34.815531
-53890.301951,15,34.83753
-15457.517678,15,34.860815
-288709.457638,15,34.880805
-297591.054754,15,34.907208
-283103.485264,15,34.927339
-277434.995115,15,34.949609
-282338.990298,15,34.970865
-283888.22412,15,34.994011
-54389.596588,15,35.020284
-291841.447603,15,35.04247
-286018.223712,15,35.063739
-284272.820941,15,35.084731
-288962.584868,15,35.103915
-295104.866632,15,35.130181
-102809.407178,15,35.150347
-276008.043307,15,35.1708
-287052.995616,15,35.193049
-161380.199402,15,35.213203
-282149.938607,15,35.237338
-287750.995113,15,35.260761
-279520.296656,15,35.280796
-284513.306894,15,35.303925
-284617.262285,15,35.325993
-295770.118455,15,35.355993
-268382.515587,15,35.374992
-284247.422838,15,35.39599
-279210.094611,15,35.417992
-290122.506779,15,35.442992
-209362.964582,15,35.464001
-292371.853635,15,35.485001
-304483.655284,15,35.507993
-285585.169352,15,35.532275
-276711.616165,15,35.558276
-297508.782455,15,35.580276
-296835.211543,15,35.600276
-287745.691014,15,35.623272
-292594.784871,15,35.642397
-245180.770126,15,35.666647
-290241.957676,15,35.684767
-289666.569721,15,35.704991
-290281.049781,15,35.726129
-294808.473457,15,35.750418
-206154.343792,15,35.77554
-306950.311862,15,35.795549
-287345.027287,15,35.813686
-283985.609911,15,35.830821
-249461.934632,15,35.850817
-302179.689334,15,35.873923
-295732.537643,15,35.895922
-286569.948877,15,35.919072
-277820.534089,15,35.940312
-68794.461352,15,35.960475
-291780.053268,15,35.986723
-277725.836207,15,36.018723
-277300.28947,15,36.046721
-287775.664915,15,36.067721
-292061.253979,15,36.091042
-286289.395663,15,36.112484
-288992.261488,15,36.133744
-293764.360043,15,36.153985
-218401.199579,15,36.174243
-288804.949679,15,36.197412
-288772.363629,15,36.218546
-294773.59371,15,36.241933
-166268.262155,15,36.262122
-280739.435174,15,36.282395
-277839.477465,15,36.305553
-277801.84279,15,36.324822
-296342.570556,15,36.341989
-282853.913698,15,36.363132
-126214.036899,15,36.383378
-292801.832783,15,36.40655
-292149.616354,15,36.432877
-284559.199932,15,36.454008
-291220.097211,15,36.473008
-288621.945549,15,36.493008
-292393.134348,15,36.516006
-284756.078972,15,36.540014
-293357.895614,15,36.562018
-284473.602501,15,36.587015
-286092.147222,15,36.612008
-289750.798357,15,36.644007
-296301.812336,15,36.664081
-295828.531012,15,36.688006
-288879.699398,15,36.711208
-300598.789528,15,36.738012
-255286.303427,15,36.758011
-279407.338936,15,36.777317
-309876.467744,15,36.796521
-296442.901636,15,36.815893
-298080.269117,15,36.835145
-214553.259218,15,36.858317
-283756.125946,15,36.875473
-293680.795541,15,36.896709
-293210.851766,15,36.916936
-292155.866532,15,36.935938
-288382.406026,15,36.95794
-291397.209898,15,36.976935
-285882.40999,15,36.997934
-279204.766244,15,37.018934
-293431.0331,15,37.035934
-293616.610727,15,37.060321
-140632.20931,15,37.084323
-295850.517509,15,37.104012
-282248.270092,15,37.121236
-279443.582518,15,37.141234
-282308.28773,15,37.161485
-304629.125836,15,37.184759
-294031.307983,15,37.200886
-127535.935413,15,37.219982
-291295.48784,15,37.238085
-117032.606197,15,37.256085
-288632.296673,15,37.278384
-281649.318277,15,37.299528
-294876.337833,15,37.319525
-302479.51751,15,37.337777
-296411.249475,15,37.354778
-296795.106166,15,37.379912
-300837.776368,15,37.403073
-281794.086751,15,37.423073
-286601.178543,15,37.441216
-287623.018212,15,37.465219
-275148.055918,15,37.503713
-288423.391181,15,37.530855
-287496.62009,15,37.549853
-264083.822679,15,37.570047
-286745.277436,15,37.588047
-291601.984506,15,37.609162
-284448.312363,15,37.628412
-285856.161321,15,37.653541
-289503.307838,15,37.675632
-287205.012613,15,37.694632
-295484.842962,15,37.717855
-281749.26178,15,37.738954
-290355.698017,15,37.758085
-297909.265063,15,37.778181
-170417.245803,15,37.799168
-276860.521553,15,37.820735
-281629.313422,15,37.838737
-290760.614341,15,37.856736
-69477.022385,15,37.871827
-290437.479569,15,37.894829
-97427.266245,15,37.914829
-289795.288183,15,37.939107
-289776.979981,15,37.954213
-276066.819968,15,37.972479
-284371.759576,15,37.990757
-233434.863333,15,38.011756
-81586.698955,15,38.029778
-290678.658356,15,38.05508
-290011.090575,15,38.073344
-287170.471142,15,38.091344
-284743.285463,15,38.110343
-297756.775335,15,38.128633
-96451.65071,15,38.150924
-284527.698928,15,38.17311
-291248.88751,15,38.189109
-277834.928634,15,38.207252
-289559.175168,15,38.225251
-289229.684214,15,38.242251
-287604.913368,15,38.265388
-45751.764344,15,38.28639
-289660.584855,15,38.305503
-259350.860791,15,38.324414
-282993.744217,15,38.341414
-293097.80447,15,38.366724
-296873.924287,15,38.385733
-283342.941109,15,38.403734
-283071.783239,15,38.423863
-295879.503957,15,38.448852
-126804.788904,15,38.471978
-297460.084964,15,38.490187
-297576.274173,15,38.507187
-276139.756057,15,38.526306
-123746.144293,15,38.545306
-297935.167292,15,38.563306
-284351.24115,15,38.583641
-287677.233586,15,38.604753
-277467.060318,15,38.629106
-44869.312218,15,38.652105
-292480.144408,15,38.674284
-294982.179429,15,38.700274
-138082.652923,15,38.722536
-213002.547268,15,38.740536
-286341.941164,15,38.756557
-286429.651561,15,38.775527
-294173.168247,15,38.801684
-61775.050813,15,38.821776
-278872.639943,15,38.839887
-293026.953547,15,38.858887
-295722.016772,15,38.877039
-128877.182501,15,38.903282
-284492.251139,15,38.926625
-296451.071415,15,38.946594
-294131.889599,15,38.966764
-90694.356545,15,38.988733
-293860.50186,15,39.011855
-14378.655937,15,39.030973
-292275.199,15,39.048973
-290754.051165,15,39.067072
-288911.652753,15,39.082159
-289868.814474,15,39.10116
-278146.826508,15,39.124407
-292887.766866,15,39.14564
-298870.009307,15,39.164843
-291845.263003,15,39.186182
-280612.007132,15,39.205181
-300003.393125,15,39.231442
-290700.505845,15,39.263562
-123221.074586,15,39.292562
-293596.688775,15,39.314562
-286645.848027,15,39.336561
-294223.587561,15,39.357656
-288198.712262,15,39.377656
-293268.829507,15,39.396655
-293235.538327,15,39.414654
-217621.02852,15,39.430769
-286476.153942,15,39.45111
-292073.123603,15,39.469114
-300744.250178,15,39.486114
-282260.822663,15,39.503463
-296990.440758,15,39.524461
-295238.460066,15,39.553713
-287596.077395,15,39.57571
-287097.8028,15,39.59171
-256785.922054,15,39.608712
-298298.573876,15,39.627712
-282295.299268,15,39.64571
-292606.673874,15,39.66671
-268031.199662,15,39.687726
-290773.250767,15,39.708832
-292080.710176,15,39.729083
-278778.473523,15,39.746083
-288248.141975,15,39.767186
-292885.858208,15,39.791388
-280499.085148,15,39.813297
-291308.044058,15,39.830296
-294924.788274,15,39.853297
-287065.068502,15,39.876298
-293320.953792,15,39.904297
-299722.041812,15,39.924297
-290646.215842,15,39.943671
-287966.450667,15,39.962671
-298558.426435,15,39.980785
-296327.008265,15,40.000785
-303105.570785,15,40.019918
-287070.44677,15,40.038169
-290716.043516,15,40.059348
-296776.806949,15,40.076348
-290601.570057,15,40.09457
-293559.736346,15,40.120673
-302263.11211,15,40.140336
-291114.772839,15,40.159445
-288379.088675,15,40.180444
-297880.46653,15,40.199443
-285591.618458,15,40.222765
-278370.415706,15,40.24277
-296208.963103,15,40.260935
-293018.238975,15,40.279185
-286177.65161,15,40.297183
-219468.870919,15,40.313421
-301017.44726,15,40.337656
-285483.804955,15,40.358656
-162065.716239,15,40.375822
-297176.010353,15,40.392822
-281812.341181,15,40.41082
-297524.190767,15,40.435125
-294123.989183,15,40.458126
-297705.004831,15,40.477125
-285074.011878,15,40.497256
-285446.663476,15,40.516256
